date,fetched_at_utc,fetched_at_sydney,board,rank,code,name,heat_value,heat_field,run_id
2026-10-06,2026-10-05T21:12:18Z,2026-10-06 08:12:18 AEDT,em_popularity_a,1,SZ001246,N力勤,,,37373367276
2026-10-06,2026-10-05T21:12:18Z,2026-10-06 08:12:18 AEDT,em_popularity_a,2,SH600519,贵州茅台,,,37373367276
2026-10-06,2026-10-05T21:12:18Z,2026-10-06 08:12:18 AEDT,em_popularity_a,3,SH601127,赛力斯,,,37373367276
2026-10-06,2026-10-05T21:12:18Z,2026-10-06 08:12:18 AEDT,em_popularity_a,4,SZ000002,万  科Ａ,,,37373367276
2026-10-06,2026-10-05T21:12:18Z,2026-10-06 08:12:18 AEDT,em_popularity_a,5,SZ300059,东方财富,,,37373367276
2026-10-06,2026-10-05T21:12:18Z,2026-10-06 08:12:18 AEDT,em_popularity_a,6,SZ002242,九阳股份,,,37373367276
2026-10-06,2026-10-05T21:12:18Z,2026-10-06 08:12:18 AEDT,em_popularity_a,7,SH600900,长江电力,,,37373367276
2026-10-06,2026-10-05T21:12:18Z,2026-10-06 08:12:18 AEDT,em_popularity_a,8,SZ002487,大金重工,,,37373367276
2026-10-06,2026-10-05T21:12:18Z,2026-10-06 08:12:18 AEDT,em_popularity_a,9,SZ000678,襄阳轴承,,,37373367276
2026-10-06,2026-10-05T21:12:18Z,2026-10-06 08:12:18 AEDT,em_popularity_a,10,SH603127,昭衍新药,,,37373367276
2026-10-06,2026-10-05T21:12:18Z,2026-10-06 08:12:18 AEDT,em_popularity_a,11,SZ002866,传艺科技,,,37373367276
2026-10-06,2026-10-05T21:12:18Z,2026-10-06 08:12:18 AEDT,em_popularity_a,12,SH600825,新华传媒,,,37373367276
2026-10-06,2026-10-05T21:12:18Z,2026-10-06 08:12:18 AEDT,em_popularity_a,13,SZ300308,中际旭创,,,37373367276
2026-10-06,2026-10-05T21:12:18Z,2026-10-06 08:12:18 AEDT,em_popularity_a,14,SZ300683,海特生物,,,37373367276
2026-10-06,2026-10-05T21:12:18Z,2026-10-06 08:12:18 AEDT,em_popularity_a,15,SH600418,江淮汽车,,,37373367276
2026-10-06,2026-10-05T21:12:18Z,2026-10-06 08:12:18 AEDT,em_popularity_a,16,SH603200,上海洗霸,,,37373367276
2026-10-06,2026-10-05T21:12:18Z,2026-10-06 08:12:18 AEDT,em_popularity_a,17,SZ300450,先导智能,,,37373367276
2026-10-06,2026-10-05T21:12:18Z,2026-10-06 08:12:18 AEDT,em_popularity_a,18,SH600276,恒瑞医药,,,37373367276
2026-10-06,2026-10-05T21:12:18Z,2026-10-06 08:12:18 AEDT,em_popularity_a,19,SZ002074,国轩高科,,,37373367276
2026-10-06,2026-10-05T21:12:18Z,2026-10-06 08:12:18 AEDT,em_popularity_a,20,SZ000011,深物业A,,,37373367276
2026-10-06,2026-10-05T21:12:18Z,2026-10-06 08:12:18 AEDT,em_popularity_a,21,SH603906,龙蟠科技,,,37373367276
2026-10-06,2026-10-05T21:12:18Z,2026-10-06 08:12:18 AEDT,em_popularity_a,22,SH600072,中船科技,,,37373367276
2026-10-06,2026-10-05T21:12:18Z,2026-10-06 08:12:18 AEDT,em_popularity_a,23,SH603538,美诺华,,,37373367276
2026-10-06,2026-10-05T21:12:18Z,2026-10-06 08:12:18 AEDT,em_popularity_a,24,SZ002962,五方光电,,,37373367276
2026-10-06,2026-10-05T21:12:18Z,2026-10-06 08:12:18 AEDT,em_popularity_a,25,SZ000504,南华生物,,,37373367276
2026-10-06,2026-10-05T21:12:18Z,2026-10-06 08:12:18 AEDT,em_popularity_a,26,SH601318,中国平安,,,37373367276
2026-10-06,2026-10-05T21:12:18Z,2026-10-06 08:12:18 AEDT,em_popularity_a,27,SH603739,蔚蓝生物,,,37373367276
2026-10-06,2026-10-05T21:12:18Z,2026-10-06 08:12:18 AEDT,em_popularity_a,28,SZ300207,欣旺达,,,37373367276
2026-10-06,2026-10-05T21:12:18Z,2026-10-06 08:12:18 AEDT,em_popularity_a,29,SH600059,古越龙山,,,37373367276
2026-10-06,2026-10-05T21:12:18Z,2026-10-06 08:12:18 AEDT,em_popularity_a,30,SH603259,药明康德,,,37373367276
2026-10-06,2026-10-05T21:12:18Z,2026-10-06 08:12:18 AEDT,em_popularity_a,31,SZ002388,新亚制程,,,37373367276
2026-10-06,2026-10-05T21:12:18Z,2026-10-06 08:12:18 AEDT,em_popularity_a,32,SZ000710,贝瑞基因,,,37373367276
2026-10-06,2026-10-05T21:12:18Z,2026-10-06 08:12:18 AEDT,em_popularity_a,33,SH600241,时代万恒,,,37373367276
2026-10-06,2026-10-05T21:12:18Z,2026-10-06 08:12:18 AEDT,em_popularity_a,34,SH601398,工商银行,,,37373367276
2026-10-06,2026-10-05T21:12:18Z,2026-10-06 08:12:18 AEDT,em_popularity_a,35,SZ002164,宁波东力,,,37373367276
2026-10-06,2026-10-05T21:12:18Z,2026-10-06 08:12:18 AEDT,em_popularity_a,36,SZ301190,善水科技,,,37373367276
2026-10-06,2026-10-05T21:12:18Z,2026-10-06 08:12:18 AEDT,em_popularity_a,37,SH600377,宁沪高速,,,37373367276
2026-10-06,2026-10-05T21:12:18Z,2026-10-06 08:12:18 AEDT,em_popularity_a,38,SH603188,亚邦股份,,,37373367276
2026-10-06,2026-10-05T21:12:18Z,2026-10-06 08:12:18 AEDT,em_popularity_a,39,SH603228,景旺电子,,,37373367276
2026-10-06,2026-10-05T21:12:18Z,2026-10-06 08:12:18 AEDT,em_popularity_a,40,SH601118,海南橡胶,,,37373367276
2026-10-06,2026-10-05T21:12:18Z,2026-10-06 08:12:18 AEDT,em_popularity_a,41,SH600592,龙溪股份,,,37373367276
2026-10-06,2026-10-05T21:12:18Z,2026-10-06 08:12:18 AEDT,em_popularity_a,42,SH605388,均瑶健康,,,37373367276
2026-10-06,2026-10-05T21:12:18Z,2026-10-06 08:12:18 AEDT,em_popularity_a,43,SZ000333,美的集团,,,37373367276
2026-10-06,2026-10-05T21:12:18Z,2026-10-06 08:12:18 AEDT,em_popularity_a,44,SZ002058,紫竹高科,,,37373367276
2026-10-06,2026-10-05T21:12:18Z,2026-10-06 08:12:18 AEDT,em_popularity_a,45,SH600196,复星医药,,,37373367276
2026-10-06,2026-10-05T21:12:18Z,2026-10-06 08:12:18 AEDT,em_popularity_a,46,SH600176,中国巨石,,,37373367276
2026-10-06,2026-10-05T21:12:18Z,2026-10-06 08:12:18 AEDT,em_popularity_a,47,SH600707,彩虹股份,,,37373367276
2026-10-06,2026-10-05T21:12:18Z,2026-10-06 08:12:18 AEDT,em_popularity_a,48,SZ000692,惠天热电,,,37373367276
2026-10-06,2026-10-05T21:12:18Z,2026-10-06 08:12:18 AEDT,em_popularity_a,49,SH605366,宏柏新材,,,37373367276
2026-10-06,2026-10-05T21:12:18Z,2026-10-06 08:12:18 AEDT,em_popularity_a,50,SZ002226,江南化工,,,37373367276
2026-10-06,2026-10-05T21:12:18Z,2026-10-06 08:12:18 AEDT,em_popularity_a,51,SZ002454,松芝股份,,,37373367276
2026-10-06,2026-10-05T21:12:18Z,2026-10-06 08:12:18 AEDT,em_popularity_a,52,SH600036,招商银行,,,37373367276
2026-10-06,2026-10-05T21:12:18Z,2026-10-06 08:12:18 AEDT,em_popularity_a,53,SZ002531,天顺风能,,,37373367276
2026-10-06,2026-10-05T21:12:18Z,2026-10-06 08:12:18 AEDT,em_popularity_a,54,SH600663,陆家嘴,,,37373367276
2026-10-06,2026-10-05T21:12:18Z,2026-10-06 08:12:18 AEDT,em_popularity_a,55,SH600081,东风科技,,,37373367276
2026-10-06,2026-10-05T21:12:18Z,2026-10-06 08:12:18 AEDT,em_popularity_a,56,SZ002419,天虹股份,,,37373367276
2026-10-06,2026-10-05T21:12:18Z,2026-10-06 08:12:18 AEDT,em_popularity_a,57,SZ001266,宏英智能,,,37373367276
2026-10-06,2026-10-05T21:12:18Z,2026-10-06 08:12:18 AEDT,em_popularity_a,58,SH603928,兴业股份,,,37373367276
2026-10-06,2026-10-05T21:12:18Z,2026-10-06 08:12:18 AEDT,em_popularity_a,59,SH600941,XD中国移,,,37373367276
2026-10-06,2026-10-05T21:12:18Z,2026-10-06 08:12:18 AEDT,em_popularity_a,60,SZ300678,中科信息,,,37373367276
2026-10-06,2026-10-05T21:12:18Z,2026-10-06 08:12:18 AEDT,em_popularity_a,61,SZ002316,亚联发展,,,37373367276
2026-10-06,2026-10-05T21:12:18Z,2026-10-06 08:12:18 AEDT,em_popularity_a,62,SH605577,龙版传媒,,,37373367276
2026-10-06,2026-10-05T21:12:18Z,2026-10-06 08:12:18 AEDT,em_popularity_a,63,SH603083,剑桥科技,,,37373367276
2026-10-06,2026-10-05T21:12:18Z,2026-10-06 08:12:18 AEDT,em_popularity_a,64,SH600131,国网信通,,,37373367276
2026-10-06,2026-10-05T21:12:18Z,2026-10-06 08:12:18 AEDT,em_popularity_a,65,SH603590,康辰药业,,,37373367276
2026-10-06,2026-10-05T21:12:18Z,2026-10-06 08:12:18 AEDT,em_popularity_a,66,SH688185,康希诺,,,37373367276
2026-10-06,2026-10-05T21:12:18Z,2026-10-06 08:12:18 AEDT,em_popularity_a,67,SZ300476,胜宏科技,,,37373367276
2026-10-06,2026-10-05T21:12:18Z,2026-10-06 08:12:18 AEDT,em_popularity_a,68,SZ300142,沃森生物,,,37373367276
2026-10-06,2026-10-05T21:12:18Z,2026-10-06 08:12:18 AEDT,em_popularity_a,69,SZ301080,百普赛斯,,,37373367276
2026-10-06,2026-10-05T21:12:18Z,2026-10-06 08:12:18 AEDT,em_popularity_a,70,SZ001318,阳光乳业,,,37373367276
2026-10-06,2026-10-05T21:12:18Z,2026-10-06 08:12:18 AEDT,em_popularity_a,71,SH605011,杭州热电,,,37373367276
2026-10-06,2026-10-05T21:12:18Z,2026-10-06 08:12:18 AEDT,em_popularity_a,72,SH600699,均胜电子,,,37373367276
2026-10-06,2026-10-05T21:12:18Z,2026-10-06 08:12:18 AEDT,em_popularity_a,73,SZ002755,奥赛康,,,37373367276
2026-10-06,2026-10-05T21:12:18Z,2026-10-06 08:12:18 AEDT,em_popularity_a,74,SH600664,哈药股份,,,37373367276
2026-10-06,2026-10-05T21:12:18Z,2026-10-06 08:12:18 AEDT,em_popularity_a,75,SH600487,亨通光电,,,37373367276
2026-10-06,2026-10-05T21:12:18Z,2026-10-06 08:12:18 AEDT,em_popularity_a,76,SZ002172,澳洋健康,,,37373367276
2026-10-06,2026-10-05T21:12:18Z,2026-10-06 08:12:18 AEDT,em_popularity_a,77,SZ000592,平潭发展,,,37373367276
2026-10-06,2026-10-05T21:12:18Z,2026-10-06 08:12:18 AEDT,em_popularity_a,78,SH600737,中粮糖业,,,37373367276
2026-10-06,2026-10-05T21:12:18Z,2026-10-06 08:12:18 AEDT,em_popularity_a,79,SZ300497,富祥股份,,,37373367276
2026-10-06,2026-10-05T21:12:18Z,2026-10-06 08:12:18 AEDT,em_popularity_a,80,SH600127,金健米业,,,37373367276
2026-10-06,2026-10-05T21:12:18Z,2026-10-06 08:12:18 AEDT,em_popularity_a,81,SZ000560,我爱我家,,,37373367276
2026-10-06,2026-10-05T21:12:18Z,2026-10-06 08:12:18 AEDT,em_popularity_a,82,SH603396,金辰股份,,,37373367276
2026-10-06,2026-10-05T21:12:18Z,2026-10-06 08:12:18 AEDT,em_popularity_a,83,SH688008,澜起科技,,,37373367276
2026-10-06,2026-10-05T21:12:18Z,2026-10-06 08:12:18 AEDT,em_popularity_a,84,SZ000725,京东方Ａ,,,37373367276
2026-10-06,2026-10-05T21:12:18Z,2026-10-06 08:12:18 AEDT,em_popularity_a,85,SZ300750,宁德时代,,,37373367276
2026-10-06,2026-10-05T21:12:18Z,2026-10-06 08:12:18 AEDT,em_popularity_a,86,SH600356,恒丰纸业,,,37373367276
2026-10-06,2026-10-05T21:12:18Z,2026-10-06 08:12:18 AEDT,em_popularity_a,87,SH601238,广汽集团,,,37373367276
2026-10-06,2026-10-05T21:12:18Z,2026-10-06 08:12:18 AEDT,em_popularity_a,88,SZ301047,义翘神州,,,37373367276
2026-10-06,2026-10-05T21:12:18Z,2026-10-06 08:12:18 AEDT,em_popularity_a,89,SH601091,沈鼓集团,,,37373367276
2026-10-06,2026-10-05T21:12:18Z,2026-10-06 08:12:18 AEDT,em_popularity_a,90,SH603919,金徽酒,,,37373367276
2026-10-06,2026-10-05T21:12:18Z,2026-10-06 08:12:18 AEDT,em_popularity_a,91,SZ002185,华天科技,,,37373367276
2026-10-06,2026-10-05T21:12:18Z,2026-10-06 08:12:18 AEDT,em_popularity_a,92,SZ000823,超声电子,,,37373367276
2026-10-06,2026-10-05T21:12:18Z,2026-10-06 08:12:18 AEDT,em_popularity_a,93,SH603185,弘元绿能,,,37373367276
2026-10-06,2026-10-05T21:12:18Z,2026-10-06 08:12:18 AEDT,em_popularity_a,94,SH605303,园林股份,,,37373367276
2026-10-06,2026-10-05T21:12:18Z,2026-10-06 08:12:18 AEDT,em_popularity_a,95,SH601899,紫金矿业,,,37373367276
2026-10-06,2026-10-05T21:12:18Z,2026-10-06 08:12:18 AEDT,em_popularity_a,96,SH688767,博拓生物,,,37373367276
2026-10-06,2026-10-05T21:12:18Z,2026-10-06 08:12:18 AEDT,em_popularity_a,97,SZ002041,登海种业,,,37373367276
2026-10-06,2026-10-05T21:12:18Z,2026-10-06 08:12:18 AEDT,em_popularity_a,98,SH601811,新华文轩,,,37373367276
2026-10-06,2026-10-05T21:12:18Z,2026-10-06 08:12:18 AEDT,em_popularity_a,99,SZ002244,滨江集团,,,37373367276
2026-10-06,2026-10-05T21:12:18Z,2026-10-06 08:12:18 AEDT,em_popularity_a,100,SZ300413,芒果超媒,,,37373367276
