date,fetched_at_utc,fetched_at_sydney,board,rank,code,name,heat_value,heat_field
2026-09-27,2026-09-27T00:42:40Z,2026-09-27 10:42:40 AEST,xq_follow_cn,1,SH600519,贵州茅台,3724693,follow
2026-09-27,2026-09-27T00:42:40Z,2026-09-27 10:42:40 AEST,xq_follow_cn,2,SH601318,中国平安,3169866,follow
2026-09-27,2026-09-27T00:42:40Z,2026-09-27 10:42:40 AEST,xq_follow_cn,3,SH600036,招商银行,2930112,follow
2026-09-27,2026-09-27T00:42:40Z,2026-09-27 10:42:40 AEST,xq_follow_cn,4,SZ000651,格力电器,2626547,follow
2026-09-27,2026-09-27T00:42:40Z,2026-09-27 10:42:40 AEST,xq_follow_cn,5,SZ002594,比亚迪,2433097,follow
2026-09-27,2026-09-27T00:42:40Z,2026-09-27 10:42:40 AEST,xq_follow_cn,6,SZ000002,万科A,2251569,follow
2026-09-27,2026-09-27T00:42:40Z,2026-09-27 10:42:40 AEST,xq_follow_cn,7,SH600887,伊利股份,2248629,follow
2026-09-27,2026-09-27T00:42:40Z,2026-09-27 10:42:40 AEST,xq_follow_cn,8,SZ000858,五粮液,2122466,follow
2026-09-27,2026-09-27T00:42:40Z,2026-09-27 10:42:40 AEST,xq_follow_cn,9,SH601166,兴业银行,2093497,follow
2026-09-27,2026-09-27T00:42:40Z,2026-09-27 10:42:40 AEST,xq_follow_cn,10,SH600276,恒瑞医药,2073899,follow
2026-09-27,2026-09-27T00:42:40Z,2026-09-27 10:42:40 AEST,xq_follow_cn,11,SH601919,中远海控,2067357,follow
2026-09-27,2026-09-27T00:42:40Z,2026-09-27 10:42:40 AEST,xq_follow_cn,12,SZ300059,东方财富,1987150,follow
2026-09-27,2026-09-27T00:42:40Z,2026-09-27 10:42:40 AEST,xq_follow_cn,13,SZ000333,美的集团,1976672,follow
2026-09-27,2026-09-27T00:42:40Z,2026-09-27 10:42:40 AEST,xq_follow_cn,14,SZ000725,京东方A,1970467,follow
2026-09-27,2026-09-27T00:42:40Z,2026-09-27 10:42:40 AEST,xq_follow_cn,15,SH601012,隆基绿能,1959519,follow
2026-09-27,2026-09-27T00:42:40Z,2026-09-27 10:42:40 AEST,xq_follow_cn,16,SZ300750,宁德时代,1959183,follow
2026-09-27,2026-09-27T00:42:40Z,2026-09-27 10:42:40 AEST,xq_follow_cn,17,SH603288,海天味业,1934726,follow
2026-09-27,2026-09-27T00:42:40Z,2026-09-27 10:42:40 AEST,xq_follow_cn,18,SZ002415,海康威视,1920084,follow
2026-09-27,2026-09-27T00:42:40Z,2026-09-27 10:42:40 AEST,xq_follow_cn,19,SZ000895,双汇发展,1862514,follow
2026-09-27,2026-09-27T00:42:40Z,2026-09-27 10:42:40 AEST,xq_follow_cn,20,SH600900,长江电力,1775423,follow
2026-09-27,2026-09-27T00:42:40Z,2026-09-27 10:42:40 AEST,xq_follow_cn,21,SH600585,海螺水泥,1718287,follow
2026-09-27,2026-09-27T00:42:40Z,2026-09-27 10:42:40 AEST,xq_follow_cn,22,SZ002304,洋河股份,1710047,follow
2026-09-27,2026-09-27T00:42:40Z,2026-09-27 10:42:40 AEST,xq_follow_cn,23,SZ000001,平安银行,1693500,follow
2026-09-27,2026-09-27T00:42:40Z,2026-09-27 10:42:40 AEST,xq_follow_cn,24,SZ002714,牧原股份,1665700,follow
2026-09-27,2026-09-27T00:42:40Z,2026-09-27 10:42:40 AEST,xq_follow_cn,25,SZ000568,泸州老窖,1635993,follow
2026-09-27,2026-09-27T00:42:40Z,2026-09-27 10:42:40 AEST,xq_follow_cn,26,SH603259,药明康德,1600527,follow
2026-09-27,2026-09-27T00:42:40Z,2026-09-27 10:42:40 AEST,xq_follow_cn,27,SH601088,中国神华,1599616,follow
2026-09-27,2026-09-27T00:42:40Z,2026-09-27 10:42:40 AEST,xq_follow_cn,28,SH600436,片仔癀,1588928,follow
2026-09-27,2026-09-27T00:42:40Z,2026-09-27 10:42:40 AEST,xq_follow_cn,29,SZ300015,爱尔眼科,1585777,follow
2026-09-27,2026-09-27T00:42:40Z,2026-09-27 10:42:40 AEST,xq_follow_cn,30,SH600309,万华化学,1569446,follow
2026-09-27,2026-09-27T00:42:40Z,2026-09-27 10:42:40 AEST,xq_follow_cn,31,SH601888,中国中免,1568375,follow
2026-09-27,2026-09-27T00:42:40Z,2026-09-27 10:42:40 AEST,xq_follow_cn,32,SZ002460,赣锋锂业,1548050,follow
2026-09-27,2026-09-27T00:42:40Z,2026-09-27 10:42:40 AEST,xq_follow_cn,33,SH600009,上海机场,1545108,follow
2026-09-27,2026-09-27T00:42:40Z,2026-09-27 10:42:40 AEST,xq_follow_cn,34,SZ000661,长春高新,1492546,follow
2026-09-27,2026-09-27T00:42:40Z,2026-09-27 10:42:40 AEST,xq_follow_cn,35,SZ300274,阳光电源,1485714,follow
2026-09-27,2026-09-27T00:42:40Z,2026-09-27 10:42:40 AEST,xq_follow_cn,36,SZ300760,迈瑞医疗,1440389,follow
2026-09-27,2026-09-27T00:42:40Z,2026-09-27 10:42:40 AEST,xq_follow_cn,37,SZ002027,分众传媒,1410609,follow
2026-09-27,2026-09-27T00:42:40Z,2026-09-27 10:42:40 AEST,xq_follow_cn,38,SH601633,长城汽车,1399195,follow
2026-09-27,2026-09-27T00:42:40Z,2026-09-27 10:42:40 AEST,xq_follow_cn,39,SH600763,通策医疗,1394938,follow
2026-09-27,2026-09-27T00:42:40Z,2026-09-27 10:42:40 AEST,xq_follow_cn,40,SZ300142,沃森生物,1352540,follow
2026-09-27,2026-09-27T00:42:40Z,2026-09-27 10:42:40 AEST,xq_follow_cn,41,SH600702,舍得酒业,1335035,follow
2026-09-27,2026-09-27T00:42:40Z,2026-09-27 10:42:40 AEST,xq_follow_cn,42,SZ002271,东方雨虹,1331868,follow
2026-09-27,2026-09-27T00:42:40Z,2026-09-27 10:42:40 AEST,xq_follow_cn,43,SZ300146,汤臣倍健,1270369,follow
2026-09-27,2026-09-27T00:42:40Z,2026-09-27 10:42:40 AEST,xq_follow_cn,44,SH601155,新城控股,1256570,follow
2026-09-27,2026-09-27T00:42:40Z,2026-09-27 10:42:40 AEST,xq_follow_cn,45,SH600030,中信证券,811829,follow
2026-09-27,2026-09-27T00:42:40Z,2026-09-27 10:42:40 AEST,xq_follow_cn,46,SZ002230,科大讯飞,810606,follow
2026-09-27,2026-09-27T00:42:40Z,2026-09-27 10:42:40 AEST,xq_follow_cn,47,SH601899,紫金矿业,746612,follow
2026-09-27,2026-09-27T00:42:40Z,2026-09-27 10:42:40 AEST,xq_follow_cn,48,SH600016,民生银行,725857,follow
2026-09-27,2026-09-27T00:42:40Z,2026-09-27 10:42:40 AEST,xq_follow_cn,49,SH600196,复星医药,700247,follow
2026-09-27,2026-09-27T00:42:40Z,2026-09-27 10:42:40 AEST,xq_follow_cn,50,SZ002024,ST易购,696256,follow
